admin_L3_code;admin_L3_name;average_speed_mph
PH012801000;ADAMS;0
PH012802000;BACARRA;0
PH012803000;BADOC;0
PH012804000;BANGUI;0
PH012805000;CITY OF BATAC;0
PH012806000;BURGOS;0
PH012807000;CARASI;0
PH012808000;CURRIMAO;0
PH012809000;DINGRAS;0
PH012810000;DUMALNEG;0
PH012811000;BANNA (ESPIRITU);0
PH012812000;LAOAG CITY (Capital);0
PH012813000;MARCOS;0
PH012814000;NUEVA ERA;0
PH012815000;PAGUDPUD;0
PH012816000;PAOAY;0
PH012817000;PASUQUIN;0
PH012818000;PIDDIG;0
PH012819000;PINILI;0
PH012820000;SAN NICOLAS;0
PH012821000;SARRAT;0
PH012822000;SOLSONA;0
PH012823000;VINTAR;0
PH012901000;ALILEM;0
PH012902000;BANAYOYO;0
PH012903000;BANTAY;0
PH012904000;BURGOS;0
PH012905000;CABUGAO;0
PH012906000;CITY OF CANDON;0
PH012907000;CAOAYAN;0
PH012908000;CERVANTES;0
PH012909000;GALIMUYOD;0
PH012910000;GREGORIO DEL PILAR (CONCEPCION);0
PH012911000;LIDLIDDA;0
PH012912000;MAGSINGAL;0
PH012913000;NAGBUKEL;0
PH012914000;NARVACAN;0
PH012915000;QUIRINO (ANGKAKI);0
PH012916000;SALCEDO (BAUGEN);0
PH012917000;SAN EMILIO;0
PH012918000;SAN ESTEBAN;0
PH012919000;SAN ILDEFONSO;0
PH012920000;SAN JUAN (LAPOG);0
PH012921000;SAN VICENTE;0
PH012922000;SANTA;0
PH012923000;SANTA CATALINA;0
PH012924000;SANTA CRUZ;0
PH012925000;SANTA LUCIA;0
PH012926000;SANTA MARIA;0
PH012927000;SANTIAGO;0
PH012928000;SANTO DOMINGO;0
PH012929000;SIGAY;0
PH012930000;SINAIT;0
PH012931000;SUGPON;0
PH012932000;SUYO;0
PH012933000;TAGUDIN;0
PH012934000;CITY OF VIGAN (Capital);0
PH013301000;AGOO;0
PH013302000;ARINGAY;0
PH013303000;BACNOTAN;0
PH013304000;BAGULIN;0
PH013305000;BALAOAN;0
PH013306000;BANGAR;0
PH013307000;BAUANG;0
PH013308000;BURGOS;0
PH013309000;CABA;0
PH013310000;LUNA;0
PH013311000;NAGUILIAN;0
PH013312000;PUGO;0
PH013313000;ROSARIO;0
PH013314000;CITY OF SAN FERNANDO (Capital);0
PH013315000;SAN GABRIEL;0
PH013316000;SAN JUAN;0
PH013317000;SANTO TOMAS;0
PH013318000;SANTOL;0
PH013319000;SUDIPEN;0
PH013320000;TUBAO;0
PH015501000;AGNO;0
PH015502000;AGUILAR;0
PH015503000;CITY OF ALAMINOS;0
PH015504000;ALCALA;0
PH015505000;ANDA;0
PH015506000;ASINGAN;0
PH015507000;BALUNGAO;0
PH015508000;BANI;0
PH015509000;BASISTA;0
PH015510000;BAUTISTA;0
PH015511000;BAYAMBANG;0
PH015512000;BINALONAN;0
PH015513000;BINMALEY;0
PH015514000;BOLINAO;0
PH015515000;BUGALLON;0
PH015516000;BURGOS;0
PH015517000;CALASIAO;0
PH015518000;DAGUPAN CITY;0
PH015519000;DASOL;0
PH015520000;INFANTA;0
PH015521000;LABRADOR;0
PH015522000;LINGAYEN (Capital);0
PH015523000;MABINI;0
PH015524000;MALASIQUI;0
PH015525000;MANAOAG;0
PH015526000;MANGALDAN;0
PH015527000;MANGATAREM;0
PH015528000;MAPANDAN;0
PH015529000;NATIVIDAD;0
PH015530000;POZORRUBIO;0
PH015531000;ROSALES;0
PH015532000;SAN CARLOS CITY;0
PH015533000;SAN FABIAN;0
PH015534000;SAN JACINTO;0
PH015535000;SAN MANUEL;0
PH015536000;SAN NICOLAS;0
PH015537000;SAN QUINTIN;0
PH015538000;SANTA BARBARA;0
PH015539000;SANTA MARIA;0
PH015540000;SANTO TOMAS;0
PH015541000;SISON;0
PH015542000;SUAL;0
PH015543000;TAYUG;0
PH015544000;UMINGAN;0
PH015545000;URBIZTONDO;0
PH015546000;CITY OF URDANETA;0
PH015547000;VILLASIS;0
PH015548000;LAOAC;0
PH020901000;BASCO (Capital);0
PH020902000;ITBAYAT;0
PH020903000;IVANA;0
PH020904000;MAHATAO;0
PH020905000;SABTANG;0
PH020906000;UYUGAN;0
PH021501000;ABULUG;0
PH021502000;ALCALA;0
PH021503000;ALLACAPAN;0
PH021504000;AMULUNG;0
PH021505000;APARRI;0
PH021506000;BAGGAO;0
PH021507000;BALLESTEROS;0
PH021508000;BUGUEY;0
PH021509000;CALAYAN;0
PH021510000;CAMALANIUGAN;0
PH021511000;CLAVERIA;0
PH021512000;ENRILE;0
PH021513000;GATTARAN;0
PH021514000;GONZAGA;0
PH021515000;IGUIG;0
PH021516000;LAL-LO;0
PH021517000;LASAM;0
PH021518000;PAMPLONA;0
PH021519000;PEÑABLANCA;0
PH021520000;PIAT;0
PH021521000;RIZAL;0
PH021522000;SANCHEZ-MIRA;0
PH021523000;SANTA ANA;0
PH021524000;SANTA PRAXEDES;0
PH021525000;SANTA TERESITA;0
PH021526000;SANTO NIÑO (FAIRE);0
PH021527000;SOLANA;0
PH021528000;TUAO;0
PH021529000;TUGUEGARAO CITY (Capital);0
PH023101000;ALICIA;0
PH023102000;ANGADANAN;0
PH023103000;AURORA;0
PH023104000;BENITO SOLIVEN;0
PH023105000;BURGOS;0
PH023106000;CABAGAN;0
PH023107000;CABATUAN;0
PH023108000;CITY OF CAUAYAN;0
PH023109000;CORDON;0
PH023110000;DINAPIGUE;0
PH023111000;DIVILACAN;0
PH023112000;ECHAGUE;0
PH023113000;GAMU;0
PH023114000;ILAGAN CITY (Capital);0
PH023115000;JONES;0
PH023116000;LUNA;0
PH023117000;MACONACON;0
PH023118000;DELFIN ALBANO (MAGSAYSAY);0
PH023119000;MALLIG;0
PH023120000;NAGUILIAN;0
PH023121000;PALANAN;0
PH023122000;QUEZON;0
PH023123000;QUIRINO;0
PH023124000;RAMON;0
PH023125000;REINA MERCEDES;0
PH023126000;ROXAS;0
PH023127000;SAN AGUSTIN;0
PH023128000;SAN GUILLERMO;0
PH023129000;SAN ISIDRO;0
PH023130000;SAN MANUEL;0
PH023131000;SAN MARIANO;0
PH023132000;SAN MATEO;0
PH023133000;SAN PABLO;0
PH023134000;SANTA MARIA;0
PH023135000;CITY OF SANTIAGO;0
PH023136000;SANTO TOMAS;0
PH023137000;TUMAUINI;0
PH025001000;AMBAGUIO;0
PH025002000;ARITAO;0
PH025003000;BAGABAG;0
PH025004000;BAMBANG;0
PH025005000;BAYOMBONG (Capital);0
PH025006000;DIADI;0
PH025007000;DUPAX DEL NORTE;0
PH025008000;DUPAX DEL SUR;0
PH025009000;KASIBU;0
PH025010000;KAYAPA;0
PH025011000;QUEZON;0
PH025012000;SANTA FE;0
PH025013000;SOLANO;0
PH025014000;VILLAVERDE;0
PH025015000;ALFONSO CASTANEDA;0
PH025701000;AGLIPAY;0
PH025702000;CABARROGUIS (Capital);0
PH025703000;DIFFUN;0
PH025704000;MADDELA;0
PH025705000;SAGUDAY;0
PH025706000;NAGTIPUNAN;0
PH030801000;ABUCAY;45
PH030802000;BAGAC;45.04967332
PH030803000;CITY OF BALANGA (Capital);45
PH030804000;DINALUPIHAN;40
PH030805000;HERMOSA;41.46706865
PH030806000;LIMAY;45.00854564
PH030807000;MARIVELES;48.53553811
PH030808000;MORONG;45
PH030809000;ORANI;42.37456187
PH030810000;ORION;45
PH030811000;PILAR;45
PH030812000;SAMAL;44.8028154
PH031401000;ANGAT;40
PH031402000;BALAGTAS (BIGAA);40
PH031403000;BALIUAG;40
PH031404000;BOCAUE;40
PH031405000;BULACAN;40
PH031406000;BUSTOS;40
PH031407000;CALUMPIT;40
PH031408000;GUIGUINTO;40
PH031409000;HAGONOY;40
PH031410000;CITY OF MALOLOS (Capital);40
PH031411000;MARILAO;40
PH031412000;CITY OF MEYCAUAYAN;40
PH031413000;NORZAGARAY;40
PH031414000;OBANDO;40.70165321
PH031415000;PANDI;40
PH031416000;PAOMBONG;40
PH031417000;PLARIDEL;40
PH031418000;PULILAN;40
PH031419000;SAN ILDEFONSO;40
PH031420000;CITY OF SAN JOSE DEL MONTE;40
PH031421000;SAN MIGUEL;40
PH031422000;SAN RAFAEL;40
PH031423000;SANTA MARIA;40
PH031424000;DOÑA REMEDIOS TRINIDAD;40
PH034901000;ALIAGA;0
PH034902000;BONGABON;0
PH034903000;CABANATUAN CITY;0
PH034904000;CABIAO;40
PH034905000;CARRANGLAN;0
PH034906000;CUYAPO;0
PH034907000;GABALDON (BITULOK & SABANI);0
PH034908000;CITY OF GAPAN;40
PH034909000;GENERAL MAMERTO NATIVIDAD;0
PH034910000;GENERAL TINIO (PAPAYA);40
PH034911000;GUIMBA;0
PH034912000;JAEN;0
PH034913000;LAUR;0
PH034914000;LICAB;0
PH034915000;LLANERA;0
PH034916000;LUPAO;0
PH034917000;SCIENCE CITY OF MUÑOZ;0
PH034918000;NAMPICUAN;0
PH034919000;PALAYAN CITY (Capital);0
PH034920000;PANTABANGAN;0
PH034921000;PEÑARANDA;0
PH034922000;QUEZON;0
PH034923000;RIZAL;0
PH034924000;SAN ANTONIO;40
PH034925000;SAN ISIDRO;40
PH034926000;SAN JOSE CITY;0
PH034927000;SAN LEONARDO;0
PH034928000;SANTA ROSA;0
PH034929000;SANTO DOMINGO;0
PH034930000;TALAVERA;0
PH034931000;TALUGTUG;0
PH034932000;ZARAGOZA;0
PH035401000;ANGELES CITY;40
PH035402000;APALIT;40
PH035403000;ARAYAT;40
PH035404000;BACOLOR;40
PH035405000;CANDABA;40
PH035406000;FLORIDABLANCA;40
PH035407000;GUAGUA;40
PH035408000;LUBAO;40
PH035409000;MABALACAT CITY;40
PH035410000;MACABEBE;40
PH035411000;MAGALANG;40
PH035412000;MASANTOL;40
PH035413000;MEXICO;40
PH035414000;MINALIN;40
PH035415000;PORAC;40
PH035416000;CITY OF SAN FERNANDO (Capital);40
PH035417000;SAN LUIS;40
PH035418000;SAN SIMON;40
PH035419000;SANTA ANA;40
PH035420000;SANTA RITA;40
PH035421000;SANTO TOMAS;40
PH035422000;SASMUAN (Sexmoan);40
PH036901000;ANAO;0
PH036902000;BAMBAN;40
PH036903000;CAMILING;0
PH036904000;CAPAS;40
PH036905000;CONCEPCION;40
PH036906000;GERONA;0
PH036907000;LA PAZ;0
PH036908000;MAYANTOC;0
PH036909000;MONCADA;0
PH036910000;PANIQUI;0
PH036911000;PURA;0
PH036912000;RAMOS;0
PH036913000;SAN CLEMENTE;0
PH036914000;SAN MANUEL;0
PH036915000;SANTA IGNACIA;0
PH036916000;CITY OF TARLAC (Capital);0
PH036917000;VICTORIA;0
PH036918000;SAN JOSE;40
PH037101000;BOTOLAN;40
PH037102000;CABANGAN;40
PH037103000;CANDELARIA;0
PH037104000;CASTILLEJOS;40
PH037105000;IBA (Capital);40
PH037106000;MASINLOC;0
PH037107000;OLONGAPO CITY;42.20330208
PH037108000;PALAUIG;40
PH037109000;SAN ANTONIO;42.07829596
PH037110000;SAN FELIPE;40
PH037111000;SAN MARCELINO;40
PH037112000;SAN NARCISO;40
PH037113000;SANTA CRUZ;0
PH037114000;SUBIC;41.44708644
PH037701000;BALER (Capital);0
PH037702000;CASIGURAN;0
PH037703000;DILASAG;0
PH037704000;DINALUNGAN;0
PH037705000;DINGALAN;40
PH037706000;DIPACULAO;0
PH037707000;MARIA AURORA;0
PH037708000;SAN LUIS;0
PH041001000;AGONCILLO;63.94320751
PH041002000;ALITAGTAG;65
PH041003000;BALAYAN;64.5932165
PH041004000;BALETE;60
PH041005000;BATANGAS CITY (Capital);65
PH041006000;BAUAN;65
PH041007000;CALACA;64.22705706
PH041008000;CALATAGAN;65
PH041009000;CUENCA;65
PH041010000;IBAAN;65
PH041011000;LAUREL;59.79544808
PH041012000;LEMERY;64.22951614
PH041013000;LIAN;65
PH041014000;LIPA CITY;63.35626373
PH041015000;LOBO;65
PH041016000;MABINI;65
PH041017000;MALVAR;58.80476864
PH041018000;MATAASNAKAHOY;61.79010635
PH041019000;NASUGBU;58.5283719
PH041020000;PADRE GARCIA;65
PH041021000;ROSARIO;65.51444092
PH041022000;SAN JOSE;65
PH041023000;SAN JUAN;68.42643244
PH041024000;SAN LUIS;65
PH041025000;SAN NICOLAS;62.58229021
PH041026000;SAN PASCUAL;65
PH041027000;SANTA TERESITA;65
PH041028000;SANTO TOMAS;56.30416014
PH041029000;TAAL;65
PH041030000;TALISAY;56.25283766
PH041031000;CITY OF TANAUAN;55.55400894
PH041032000;TAYSAN;65
PH041033000;TINGLOY;65
PH041034000;TUY;63.0778957
PH042101000;ALFONSO;56.35102356
PH042102000;AMADEO;54.16933615
PH042103000;BACOOR CITY;49.47196555
PH042104000;CARMONA;50
PH042105000;CAVITE CITY;50
PH042106000;CITY OF DASMARIÑAS;50
PH042107000;GENERAL EMILIO AGUINALDO;54.93997324
PH042108000;CITY OF GENERAL TRIAS;50
PH042109000;IMUS CITY;50
PH042110000;INDANG;53.9055777
PH042111000;KAWIT;50
PH042112000;MAGALLANES;55
PH042113000;MARAGONDON;53.88302858
PH042114000;MENDEZ (MENDEZ-NUÑEZ);55
PH042115000;NAIC;50
PH042116000;NOVELETA;50
PH042117000;ROSARIO;50
PH042118000;SILANG;51.85227647
PH042119000;TAGAYTAY CITY;55.34581046
PH042120000;TANZA;50
PH042121000;TERNATE;54.64831951
PH042122000;TRECE MARTIRES CITY (Capital);50
PH042123000;GEN. MARIANO ALVAREZ;50
PH043401000;ALAMINOS;56.66491127
PH043402000;BAY;52.76315279
PH043403000;CITY OF BIÑAN;50
PH043404000;CABUYAO CITY;50.58078113
PH043405000;CITY OF CALAMBA;51.69737551
PH043406000;CALAUAN;53.14015939
PH043407000;CAVINTI;50
PH043408000;FAMY;45
PH043409000;KALAYAAN;45.00552899
PH043410000;LILIW;52.0409648
PH043411000;LOS BAÑOS;52.64523287
PH043412000;LUISIANA;50
PH043413000;LUMBAN;49.00035667
PH043414000;MABITAC;45
PH043415000;MAGDALENA;50
PH043416000;MAJAYJAY;51.16709434
PH043417000;NAGCARLAN;52.17753134
PH043418000;PAETE;45
PH043419000;PAGSANJAN;50
PH043420000;PAKIL;45
PH043421000;PANGIL;45
PH043422000;PILA;50
PH043423000;RIZAL;54.99151683
PH043424000;SAN PABLO CITY;56.29129977
PH043425000;CITY OF SAN PEDRO;49.85856812
PH043426000;SANTA CRUZ (Capital);50
PH043427000;SANTA MARIA;45
PH043428000;CITY OF SANTA ROSA;50
PH043429000;SINILOAN;45
PH043430000;VICTORIA;50
PH045601000;AGDANGAN;62.63810669
PH045602000;ALABAT;55
PH045603000;ATIMONAN;58.56013204
PH045605000;BUENAVISTA;71.15942216
PH045606000;BURDEOS;40.04253084
PH045607000;CALAUAG;56.7304431
PH045608000;CANDELARIA;61.5222054
PH045610000;CATANAUAN;74.30853851
PH045615000;DOLORES;56.60740019
PH045616000;GENERAL LUNA;71.47198381
PH045617000;GENERAL NAKAR;40.20487258
PH045618000;GUINAYANGAN;62.49079844
PH045619000;GUMACA;63.92442983
PH045620000;INFANTA;44.68581942
PH045621000;JOMALIG;45
PH045622000;LOPEZ;64.43441025
PH045623000;LUCBAN;52.72270613
PH045624000;LUCENA CITY (Capital);59.70833702
PH045625000;MACALELON;68.57857946
PH045627000;MAUBAN;51.24426854
PH045628000;MULANAY;74.90200338
PH045629000;PADRE BURGOS;60.0039133
PH045630000;PAGBILAO;57.04936445
PH045631000;PANUKULAN;40
PH045632000;PATNANUNGAN;45
PH045633000;PEREZ;54.9073384
PH045634000;PITOGO;65.09350916
PH045635000;PLARIDEL;60
PH045636000;POLILLO;43.93823925
PH045637000;QUEZON;55.04985406
PH045638000;REAL;45.25974654
PH045639000;SAMPALOC;50
PH045640000;SAN ANDRES;71.59328204
PH045641000;SAN ANTONIO;64.84228567
PH045642000;SAN FRANCISCO (AURORA);67.72545977
PH045644000;SAN NARCISO;77.7218919
PH045645000;SARIAYA;60.97657197
PH045646000;TAGKAWAYAN;56.90937087
PH045647000;CITY OF TAYABAS;55.29202354
PH045648000;TIAONG;61.62945769
PH045649000;UNISAN;63.87266943
PH045801000;ANGONO;45
PH045802000;CITY OF ANTIPOLO;43.68742549
PH045803000;BARAS;45
PH045804000;BINANGONAN;45.83427783
PH045805000;CAINTA;45
PH045806000;CARDONA;46.53971194
PH045807000;JALA-JALA;47.24355394
PH045808000;RODRIGUEZ (MONTALBAN);40
PH045809000;MORONG;45
PH045810000;PILILLA;45
PH045811000;SAN MATEO;42.00122562
PH045812000;TANAY;44.29180523
PH045813000;TAYTAY;45
PH045814000;TERESA;45
PH050501000;BACACAY;74.9343248
PH050502000;CAMALIG;62.84047171
PH050503000;DARAGA (LOCSIN);62.45644774
PH050504000;GUINOBATAN;64.60956251
PH050505000;JOVELLAR;60
PH050506000;LEGAZPI CITY (Capital);62.55928731
PH050507000;LIBON;68.25085992
PH050508000;CITY OF LIGAO;65.55685762
PH050509000;MALILIPOT;74.72473881
PH050510000;MALINAO;85.24115341
PH050511000;MANITO;64.56328197
PH050512000;OAS;64.97209915
PH050513000;PIO DURAN;60
PH050514000;POLANGUI;74.0602686
PH050515000;RAPU-RAPU;71.9482383
PH050516000;SANTO DOMINGO (LIBOG);68.89152399
PH050517000;CITY OF TABACO;78.68716827
PH050518000;TIWI;93.13846644
PH051601000;BASUD;58.76875852
PH051602000;CAPALONGA;50
PH051603000;DAET (Capital);55
PH051604000;SAN LORENZO RUIZ (IMELDA);57.14988394
PH051605000;JOSE PANGANIBAN;50
PH051606000;LABO;53.82105642
PH051607000;MERCEDES;61.29371848
PH051608000;PARACALE;50.77596181
PH051609000;SAN VICENTE;55
PH051610000;SANTA ELENA;53.62894132
PH051611000;TALISAY;55
PH051612000;VINZONS;54.05271874
PH051701000;BAAO;86.07116186
PH051702000;BALATAN;74.7432061
PH051703000;BATO;72.37646804
PH051704000;BOMBON;75
PH051705000;BUHI;86.40850488
PH051706000;BULA;83.42287523
PH051707000;CABUSAO;70.67610561
PH051708000;CALABANGA;71.72725599
PH051709000;CAMALIGAN;78.47060475
PH051710000;CANAMAN;75.70305867
PH051711000;CARAMOAN;68.03478687
PH051712000;DEL GALLEGO;59.92554954
PH051713000;GAINZA;80
PH051714000;GARCHITORENA;64.90457033
PH051715000;GOA;69.21805401
PH051716000;IRIGA CITY;85.35345337
PH051717000;LAGONOY;65.49323907
PH051718000;LIBMANAN;74.76263033
PH051719000;LUPI;63.02095149
PH051720000;MAGARAO;75
PH051721000;MILAOR;80
PH051722000;MINALABAC;82.78413001
PH051723000;NABUA;80.85808716
PH051724000;NAGA CITY;75.93216632
PH051725000;OCAMPO;81.28407467
PH051726000;PAMPLONA;79.6589229
PH051727000;PASACAO;80
PH051728000;PILI (Capital);80.57159497
PH051729000;PRESENTACION (PARUBCAN);68.0470444
PH051730000;RAGAY;62.51883364
PH051731000;SAGÑAY;84.14747075
PH051732000;SAN FERNANDO;80.3355423
PH051733000;SAN JOSE;71.03246321
PH051734000;SIPOCOT;65.89859096
PH051735000;SIRUMA;59.90226565
PH051736000;TIGAON;76.85160549
PH051737000;TINAMBAC;63.41968433
PH052001000;BAGAMANOC;60.36143619
PH052002000;BARAS;72.198936
PH052003000;BATO;79.61645869
PH052004000;CARAMORAN;63.32076895
PH052005000;GIGMOTO;66.96370437
PH052006000;PANDAN;60
PH052007000;PANGANIBAN (PAYO);64.76204676
PH052008000;SAN ANDRES (CALOLBON);74.52122666
PH052009000;SAN MIGUEL;70.47237781
PH052010000;VIGA;65
PH052011000;VIRAC (Capital);80.13101116
PH054101000;AROROY;43.23799624
PH054102000;BALENO;43.95999418
PH054103000;BALUD;40
PH054104000;BATUAN;45
PH054105000;CATAINGAN;40
PH054106000;CAWAYAN;40
PH054107000;CLAVERIA;57.10151057
PH054108000;DIMASALANG;40.08555186
PH054109000;ESPERANZA;0
PH054110000;MANDAON;40
PH054111000;CITY OF MASBATE (Capital);41.63513637
PH054112000;MILAGROS;40
PH054113000;MOBO;40.62544859
PH054114000;MONREAL;49.63972261
PH054115000;PALANAS;40
PH054116000;PIO V. CORPUZ (LIMBUHAN);40
PH054117000;PLACER;40
PH054118000;SAN FERNANDO;45
PH054119000;SAN JACINTO;46.81327828
PH054120000;SAN PASCUAL;63.50659147
PH054121000;USON;40
PH056202000;BARCELONA;55.15607813
PH056203000;BULAN;49.36059972
PH056204000;BULUSAN;50.38334924
PH056205000;CASIGURAN;55.06427996
PH056206000;CASTILLA;58.45862176
PH056207000;DONSOL;59.42783586
PH056208000;GUBAT;58.98857389
PH056209000;IROSIN;49.98018291
PH056210000;JUBAN;52.72317343
PH056211000;MAGALLANES;52.55755316
PH056212000;MATNOG;46.06392473
PH056213000;PILAR;58.57622373
PH056214000;PRIETO DIAZ;63.79777924
PH056215000;SANTA MAGDALENA;49.85923224
PH056216000;CITY OF SORSOGON (Capital);61.8120831
PH060401000;ALTAVAS;0
PH060402000;BALETE;0
PH060403000;BANGA;0
PH060404000;BATAN;0
PH060405000;BURUANGA;0
PH060406000;IBAJAY;0
PH060407000;KALIBO (Capital);0
PH060408000;LEZO;0
PH060409000;LIBACAO;0
PH060410000;MADALAG;0
PH060411000;MAKATO;0
PH060412000;MALAY;0
PH060413000;MALINAO;0
PH060414000;NABAS;0
PH060415000;NEW WASHINGTON;0
PH060416000;NUMANCIA;0
PH060417000;TANGALAN;0
PH060601000;ANINI-Y;0
PH060602000;BARBAZA;0
PH060603000;BELISON;0
PH060604000;BUGASONG;0
PH060605000;CALUYA;0
PH060606000;CULASI;0
PH060607000;TOBIAS FORNIER (DAO);0
PH060608000;HAMTIC;0
PH060609000;LAUA-AN;0
PH060610000;LIBERTAD;0
PH060611000;PANDAN;0
PH060612000;PATNONGON;0
PH060613000;SAN JOSE (Capital);0
PH060614000;SAN REMIGIO;0
PH060615000;SEBASTE;0
PH060616000;SIBALOM;0
PH060617000;TIBIAO;0
PH060618000;VALDERRAMA;0
PH061901000;CUARTERO;0
PH061902000;DAO;0
PH061903000;DUMALAG;0
PH061904000;DUMARAO;0
PH061905000;IVISAN;0
PH061906000;JAMINDAN;0
PH061907000;MA-AYON;0
PH061908000;MAMBUSAO;0
PH061909000;PANAY;0
PH061910000;PANITAN;0
PH061911000;PILAR;0
PH061912000;PONTEVEDRA;0
PH061913000;PRESIDENT ROXAS;0
PH061914000;ROXAS CITY (Capital);0
PH061915000;SAPI-AN;0
PH061916000;SIGMA;0
PH061917000;TAPAZ;0
PH063001000;AJUY;0
PH063002000;ALIMODIAN;0
PH063003000;ANILAO;0
PH063004000;BADIANGAN;0
PH063005000;BALASAN;0
PH063006000;BANATE;0
PH063007000;BAROTAC NUEVO;0
PH063008000;BAROTAC VIEJO;0
PH063009000;BATAD;0
PH063010000;BINGAWAN;0
PH063012000;CABATUAN;0
PH063013000;CALINOG;0
PH063014000;CARLES;0
PH063015000;CONCEPCION;0
PH063016000;DINGLE;0
PH063017000;DUEÑAS;0
PH063018000;DUMANGAS;0
PH063019000;ESTANCIA;0
PH063020000;GUIMBAL;0
PH063021000;IGBARAS;0
PH063022000;ILOILO CITY (Capital);0
PH063023000;JANIUAY;0
PH063025000;LAMBUNAO;0
PH063026000;LEGANES;0
PH063027000;LEMERY;0
PH063028000;LEON;0
PH063029000;MAASIN;0
PH063030000;MIAGAO;0
PH063031000;MINA;0
PH063032000;NEW LUCENA;0
PH063034000;OTON;0
PH063035000;CITY OF PASSI;0
PH063036000;PAVIA;0
PH063037000;POTOTAN;0
PH063038000;SAN DIONISIO;0
PH063039000;SAN ENRIQUE;0
PH063040000;SAN JOAQUIN;0
PH063041000;SAN MIGUEL;0
PH063042000;SAN RAFAEL;0
PH063043000;SANTA BARBARA;0
PH063044000;SARA;0
PH063045000;TIGBAUAN;0
PH063046000;TUBUNGAN;0
PH063047000;ZARRAGA;0
PH067901000;BUENAVISTA;0
PH067902000;JORDAN (Capital);0
PH067903000;NUEVA VALENCIA;0
PH067904000;SAN LORENZO;0
PH067905000;SIBUNAG;0
PH071201000;ALBURQUERQUE;0
PH071202000;ALICIA;0
PH071203000;ANDA;0
PH071204000;ANTEQUERA;0
PH071205000;BACLAYON;0
PH071206000;BALILIHAN;0
PH071207000;BATUAN;0
PH071208000;BILAR;0
PH071209000;BUENAVISTA;0
PH071210000;CALAPE;0
PH071211000;CANDIJAY;0
PH071212000;CARMEN;0
PH071213000;CATIGBIAN;0
PH071214000;CLARIN;0
PH071215000;CORELLA;0
PH071216000;CORTES;0
PH071217000;DAGOHOY;0
PH071218000;DANAO;0
PH071219000;DAUIS;0
PH071220000;DIMIAO;0
PH071221000;DUERO;0
PH071222000;GARCIA HERNANDEZ;0
PH071223000;GUINDULMAN;0
PH071224000;INABANGA;0
PH071225000;JAGNA;0
PH071226000;GETAFE;0
PH071227000;LILA;0
PH071228000;LOAY;0
PH071229000;LOBOC;0
PH071230000;LOON;0
PH071231000;MABINI;0
PH071232000;MARIBOJOC;0
PH071233000;PANGLAO;0
PH071234000;PILAR;0
PH071235000;PRES. CARLOS P. GARCIA (PITOGO);0
PH071236000;SAGBAYAN (BORJA);0
PH071237000;SAN ISIDRO;0
PH071238000;SAN MIGUEL;0
PH071239000;SEVILLA;0
PH071240000;SIERRA BULLONES;0
PH071241000;SIKATUNA;0
PH071242000;TAGBILARAN CITY (Capital);0
PH071243000;TALIBON;0
PH071244000;TRINIDAD;0
PH071245000;TUBIGON;0
PH071246000;UBAY;0
PH071247000;VALENCIA;0
PH071248000;BIEN UNIDO;0
PH072201000;ALCANTARA;0
PH072202000;ALCOY;0
PH072203000;ALEGRIA;0
PH072204000;ALOGUINSAN;0
PH072205000;ARGAO;0
PH072206000;ASTURIAS;0
PH072207000;BADIAN;0
PH072208000;BALAMBAN;0
PH072209000;BANTAYAN;0
PH072210000;BARILI;0
PH072211000;CITY OF BOGO;0
PH072212000;BOLJOON;0
PH072213000;BORBON;0
PH072214000;CITY OF CARCAR;0
PH072215000;CARMEN;0
PH072216000;CATMON;0
PH072217000;CEBU CITY (Capital);0
PH072218000;COMPOSTELA;0
PH072219000;CONSOLACION;0
PH072220000;CORDOVA;0
PH072221000;DAANBANTAYAN;0
PH072222000;DALAGUETE;0
PH072223000;DANAO CITY;0
PH072224000;DUMANJUG;0
PH072225000;GINATILAN;0
PH072226000;LAPU-LAPU CITY (OPON);0
PH072227000;LILOAN;0
PH072228000;MADRIDEJOS;0
PH072229000;MALABUYOC;0
PH072230000;MANDAUE CITY;0
PH072231000;MEDELLIN;0
PH072232000;MINGLANILLA;0
PH072233000;MOALBOAL;0
PH072234000;CITY OF NAGA;0
PH072235000;OSLOB;0
PH072236000;PILAR;0
PH072237000;PINAMUNGAHAN;0
PH072238000;PORO;0
PH072239000;RONDA;0
PH072240000;SAMBOAN;0
PH072241000;SAN FERNANDO;0
PH072242000;SAN FRANCISCO;0
PH072243000;SAN REMIGIO;0
PH072244000;SANTA FE;0
PH072245000;SANTANDER;0
PH072246000;SIBONGA;0
PH072247000;SOGOD;0
PH072248000;TABOGON;0
PH072249000;TABUELAN;0
PH072250000;CITY OF TALISAY;0
PH072251000;TOLEDO CITY;0
PH072252000;TUBURAN;0
PH072253000;TUDELA;0
PH076101000;ENRIQUE VILLANUEVA;0
PH076102000;LARENA;0
PH076103000;LAZI;0
PH076104000;MARIA;0
PH076105000;SAN JUAN;0
PH076106000;SIQUIJOR (Capital);0
PH082601000;ARTECHE;43.53505856
PH082602000;BALANGIGA;0
PH082603000;BALANGKAYAN;40
PH082604000;CITY OF BORONGAN (Capital);40
PH082605000;CAN-AVID;40
PH082606000;DOLORES;40.02804274
PH082607000;GENERAL MACARTHUR;0
PH082608000;GIPORLOS;0
PH082609000;GUIUAN;0
PH082610000;HERNANI;40
PH082611000;JIPAPAD;43.09101128
PH082612000;LAWAAN;0
PH082613000;LLORENTE;40
PH082614000;MASLOG;40
PH082615000;MAYDOLONG;40
PH082616000;MERCEDES;0
PH082617000;ORAS;42.8615065
PH082618000;QUINAPONDAN;0
PH082619000;SALCEDO;0
PH082620000;SAN JULIAN;40
PH082621000;SAN POLICARPO;45
PH082622000;SULAT;40
PH082623000;TAFT;40
PH083701000;ABUYOG;0
PH083702000;ALANGALANG;0
PH083703000;ALBUERA;0
PH083705000;BABATNGON;0
PH083706000;BARUGO;0
PH083707000;BATO;0
PH083708000;CITY OF BAYBAY;0
PH083710000;BURAUEN;0
PH083713000;CALUBIAN;0
PH083714000;CAPOOCAN;0
PH083715000;CARIGARA;0
PH083717000;DAGAMI;0
PH083718000;DULAG;0
PH083719000;HILONGOS;0
PH083720000;HINDANG;0
PH083721000;INOPACAN;0
PH083722000;ISABEL;0
PH083723000;JARO;0
PH083724000;JAVIER (BUGHO);0
PH083725000;JULITA;0
PH083726000;KANANGA;0
PH083728000;LA PAZ;0
PH083729000;LEYTE;0
PH083730000;MACARTHUR;0
PH083731000;MAHAPLAG;0
PH083733000;MATAG-OB;0
PH083734000;MATALOM;0
PH083735000;MAYORGA;0
PH083736000;MERIDA;0
PH083738000;ORMOC CITY;0
PH083739000;PALO;0
PH083740000;PALOMPON;0
PH083741000;PASTRANA;0
PH083742000;SAN ISIDRO;0
PH083743000;SAN MIGUEL;0
PH083744000;SANTA FE;0
PH083745000;TABANGO;0
PH083746000;TABONTABON;0
PH083747000;TACLOBAN CITY (Capital);0
PH083748000;TANAUAN;0
PH083749000;TOLOSA;0
PH083750000;TUNGA;0
PH083751000;VILLABA;0
PH084801000;ALLEN;47.08028015
PH084802000;BIRI;50
PH084803000;BOBON;44.82221392
PH084804000;CAPUL;45
PH084805000;CATARMAN (Capital);44.4767464
PH084806000;CATUBIG;45.0219133
PH084807000;GAMAY;45
PH084808000;LAOANG;47.89543038
PH084809000;LAPINIG;45
PH084810000;LAS NAVAS;40.80857306
PH084811000;LAVEZARES;48.15738873
PH084812000;MAPANAS;45.17370704
PH084813000;MONDRAGON;44.61106618
PH084814000;PALAPAG;48.07576896
PH084815000;PAMBUJAN;46.45824371
PH084816000;ROSARIO;47.13580895
PH084817000;SAN ANTONIO;45
PH084818000;SAN ISIDRO;43.28120864
PH084819000;SAN JOSE;46.36841107
PH084820000;SAN ROQUE;45.82822525
PH084821000;SAN VICENTE;45
PH084822000;SILVINO LOBOS;40.23513142
PH084823000;VICTORIA;44.89458669
PH084824000;LOPE DE VEGA;40.68946299
PH086001000;ALMAGRO;40
PH086002000;BASEY;0
PH086003000;CALBAYOG CITY;40.00667122
PH086004000;CALBIGA;0
PH086005000;CITY OF CATBALOGAN (Capital);40
PH086006000;DARAM;40
PH086007000;GANDARA;40
PH086008000;HINABANGAN;40
PH086009000;JIABONG;40
PH086010000;MARABUT;0
PH086011000;MATUGUINAO;40
PH086012000;MOTIONG;40
PH086013000;PINABACDAO;0
PH086014000;SAN JOSE DE BUAN;40
PH086015000;SAN SEBASTIAN;0
PH086016000;SANTA MARGARITA;40
PH086017000;SANTA RITA;0
PH086018000;SANTO NIÑO;40
PH086019000;TALALORA;0
PH086020000;TARANGNAN;40
PH086021000;VILLAREAL;40
PH086022000;PARANAS (WRIGHT);40
PH086023000;ZUMARRAGA;40
PH086024000;TAGAPUL-AN;40
PH086025000;SAN JORGE;40
PH086026000;PAGSANGHAN;40
PH086401000;ANAHAWAN;0
PH086402000;BONTOC;0
PH086403000;HINUNANGAN;0
PH086404000;HINUNDAYAN;0
PH086405000;LIBAGON;0
PH086406000;LILOAN;0
PH086407000;CITY OF MAASIN (Capital);0
PH086408000;MACROHON;0
PH086409000;MALITBOG;0
PH086410000;PADRE BURGOS;0
PH086411000;PINTUYAN;0
PH086412000;SAINT BERNARD;0
PH086413000;SAN FRANCISCO;0
PH086414000;SAN JUAN (CABALIAN);0
PH086415000;SAN RICARDO;0
PH086416000;SILAGO;0
PH086417000;SOGOD;0
PH086418000;TOMAS OPPUS;0
PH086419000;LIMASAWA;0
PH087801000;ALMERIA;40
PH087802000;BILIRAN;0
PH087803000;CABUCGAYAN;0
PH087804000;CAIBIRAN;0
PH087805000;CULABA;40
PH087806000;KAWAYAN;40
PH087807000;MARIPIPI;40
PH087808000;NAVAL (Capital);0
PH097201000;DAPITAN CITY;0
PH097202000;DIPOLOG CITY (Capital);0
PH097203000;KATIPUNAN;0
PH097204000;LA LIBERTAD;0
PH097205000;LABASON;0
PH097206000;LILOY;0
PH097207000;MANUKAN;0
PH097208000;MUTIA;0
PH097209000;PIÑAN (NEW PIÑAN);0
PH097210000;POLANCO;0
PH097211000;PRES. MANUEL A. ROXAS;0
PH097212000;RIZAL;0
PH097213000;SALUG;0
PH097214000;SERGIO OSMEÑA SR.;0
PH097215000;SIAYAN;0
PH097216000;SIBUCO;0
PH097217000;SIBUTAD;0
PH097218000;SINDANGAN;0
PH097219000;SIOCON;0
PH097220000;SIRAWAI;0
PH097221000;TAMPILISAN;0
PH097222000;JOSE DALMAN (PONOT);0
PH097223000;GUTALAC;0
PH097224000;BALIGUIAN;0
PH097225000;GODOD;0
PH097226000;BACUNGAN (Leon T. Postigo);0
PH097227000;KALAWIT;0
PH097302000;AURORA;0
PH097303000;BAYOG;0
PH097305000;DIMATALING;0
PH097306000;DINAS;0
PH097307000;DUMALINAO;0
PH097308000;DUMINGAG;0
PH097311000;KUMALARANG;0
PH097312000;LABANGAN;0
PH097313000;LAPUYAN;0
PH097315000;MAHAYAG;0
PH097317000;MARGOSATUBIG;0
PH097318000;MIDSALIP;0
PH097319000;MOLAVE;0
PH097322000;PAGADIAN CITY (Capital);0
PH097323000;RAMON MAGSAYSAY (LIARGO);0
PH097324000;SAN MIGUEL;0
PH097325000;SAN PABLO;0
PH097327000;TABINA;0
PH097328000;TAMBULIG;0
PH097330000;TUKURAN;0
PH097332000;ZAMBOANGA CITY;0
PH097333000;LAKEWOOD;0
PH097337000;JOSEFINA;0
PH097338000;PITOGO;0
PH097340000;SOMINOT (DON MARIANO MARCOS);0
PH097341000;VINCENZO A. SAGUN;0
PH097343000;GUIPOS;0
PH097344000;TIGBAO;0
PH098301000;ALICIA;0
PH098302000;BUUG;0
PH098303000;DIPLAHAN;0
PH098304000;IMELDA;0
PH098305000;IPIL (Capital);0
PH098306000;KABASALAN;0
PH098307000;MABUHAY;0
PH098308000;MALANGAS;0
PH098309000;NAGA;0
PH098310000;OLUTANGA;0
PH098311000;PAYAO;0
PH098312000;ROSELLER LIM;0
PH098313000;SIAY;0
PH098314000;TALUSAN;0
PH098315000;TITAY;0
PH098316000;TUNGAWAN;0
PH099701000;CITY OF ISABELA;0
PH101301000;BAUNGON;0
PH101302000;DAMULOG;0
PH101303000;DANGCAGAN;0
PH101304000;DON CARLOS;0
PH101305000;IMPASUG-ONG;0
PH101306000;KADINGILAN;0
PH101307000;KALILANGAN;0
PH101308000;KIBAWE;0
PH101309000;KITAOTAO;0
PH101310000;LANTAPAN;0
PH101311000;LIBONA;0
PH101312000;CITY OF MALAYBALAY (Capital);0
PH101313000;MALITBOG;0
PH101314000;MANOLO FORTICH;0
PH101315000;MARAMAG;0
PH101316000;PANGANTUCAN;0
PH101317000;QUEZON;0
PH101318000;SAN FERNANDO;0
PH101319000;SUMILAO;0
PH101320000;TALAKAG;0
PH101321000;CITY OF VALENCIA;0
PH101322000;CABANGLASAN;0
PH101801000;CATARMAN;0
PH101802000;GUINSILIBAN;0
PH101803000;MAHINOG;0
PH101804000;MAMBAJAO (Capital);0
PH101805000;SAGAY;0
PH103501000;BACOLOD;0
PH103502000;BALOI;0
PH103503000;BAROY;0
PH103504000;ILIGAN CITY;0
PH103505000;KAPATAGAN;0
PH103506000;SULTAN NAGA DIMAPORO (KAROMATAN);0
PH103507000;KAUSWAGAN;0
PH103508000;KOLAMBUGAN;0
PH103509000;LALA;0
PH103510000;LINAMON;0
PH103511000;MAGSAYSAY;0
PH103512000;MAIGO;0
PH103513000;MATUNGAO;0
PH103514000;MUNAI;0
PH103515000;NUNUNGAN;0
PH103516000;PANTAO RAGAT;0
PH103517000;POONA PIAGAPO;0
PH103518000;SALVADOR;0
PH103519000;SAPAD;0
PH103520000;TAGOLOAN;0
PH103521000;TANGCAL;0
PH103522000;TUBOD (Capital);0
PH103523000;PANTAR;0
PH104201000;ALORAN;0
PH104202000;BALIANGAO;0
PH104203000;BONIFACIO;0
PH104204000;CALAMBA;0
PH104205000;CLARIN;0
PH104206000;CONCEPCION;0
PH104207000;JIMENEZ;0
PH104208000;LOPEZ JAENA;0
PH104209000;OROQUIETA CITY (Capital);0
PH104210000;OZAMIS CITY;0
PH104211000;PANAON;0
PH104212000;PLARIDEL;0
PH104213000;SAPANG DALAGA;0
PH104214000;SINACABAN;0
PH104215000;TANGUB CITY;0
PH104216000;TUDELA;0
PH104217000;DON VICTORIANO CHIONGBIAN  (DON MARIANO MARCOS);0
PH104301000;ALUBIJID;0
PH104302000;BALINGASAG;0
PH104303000;BALINGOAN;0
PH104304000;BINUANGAN;0
PH104305000;CAGAYAN DE ORO CITY (Capital);0
PH104306000;CLAVERIA;0
PH104307000;CITY OF EL SALVADOR;0
PH104308000;GINGOOG CITY;0
PH104309000;GITAGUM;0
PH104310000;INITAO;0
PH104311000;JASAAN;0
PH104312000;KINOGUITAN;0
PH104313000;LAGONGLONG;0
PH104314000;LAGUINDINGAN;0
PH104315000;LIBERTAD;0
PH104316000;LUGAIT;0
PH104317000;MAGSAYSAY (LINUGOS);0
PH104318000;MANTICAO;0
PH104319000;MEDINA;0
PH104320000;NAAWAN;0
PH104321000;OPOL;0
PH104322000;SALAY;0
PH104323000;SUGBONGCOGON;0
PH104324000;TAGOLOAN;0
PH104325000;TALISAYAN;0
PH104326000;VILLANUEVA;0
PH112301000;ASUNCION (SAUG);0
PH112303000;CARMEN;0
PH112305000;KAPALONG;0
PH112314000;NEW CORELLA;0
PH112315000;CITY OF PANABO;0
PH112317000;ISLAND GARDEN CITY OF SAMAL;0
PH112318000;SANTO TOMAS;0
PH112319000;CITY OF TAGUM (Capital);0
PH112322000;TALAINGOD;0
PH112323000;BRAULIO E. DUJALI;0
PH112324000;SAN ISIDRO;0
PH112401000;BANSALAN;0
PH112402000;DAVAO CITY;0
PH112403000;CITY OF DIGOS (Capital);0
PH112404000;HAGONOY;0
PH112406000;KIBLAWAN;0
PH112407000;MAGSAYSAY;0
PH112408000;MALALAG;0
PH112410000;MATANAO;0
PH112411000;PADADA;0
PH112412000;SANTA CRUZ;0
PH112414000;SULOP;0
PH112501000;BAGANGA;0
PH112502000;BANAYBANAY;0
PH112503000;BOSTON;0
PH112504000;CARAGA;0
PH112505000;CATEEL;0
PH112506000;GOVERNOR GENEROSO;0
PH112507000;LUPON;0
PH112508000;MANAY;0
PH112509000;CITY OF MATI (Capital);0
PH112510000;SAN ISIDRO;0
PH112511000;TARRAGONA;0
PH118201000;COMPOSTELA;0
PH118202000;LAAK (SAN VICENTE);0
PH118203000;MABINI (DOÑA ALICIA);0
PH118204000;MACO;0
PH118205000;MARAGUSAN (SAN MARIANO);0
PH118206000;MAWAB;0
PH118207000;MONKAYO;0
PH118208000;MONTEVISTA;0
PH118209000;NABUNTURAN (Capital);0
PH118210000;NEW BATAAN;0
PH118211000;PANTUKAN;0
PH118601000;DON MARCELINO;0
PH118602000;JOSE ABAD SANTOS (TRINIDAD);0
PH118603000;MALITA;0
PH118604000;SANTA MARIA;0
PH118605000;SARANGANI;0
PH124701000;ALAMADA;0
PH124702000;CARMEN;0
PH124703000;KABACAN;0
PH124704000;CITY OF KIDAPAWAN (Capital);0
PH124705000;LIBUNGAN;0
PH124706000;MAGPET;0
PH124707000;MAKILALA;0
PH124708000;MATALAM;0
PH124709000;MIDSAYAP;0
PH124710000;M'LANG;0
PH124711000;PIGKAWAYAN;0
PH124712000;PIKIT;0
PH124713000;PRESIDENT ROXAS;0
PH124714000;TULUNAN;0
PH124715000;ANTIPAS;0
PH124716000;BANISILAN;0
PH124717000;ALEOSAN;0
PH124718000;ARAKAN;0
PH126302000;BANGA;0
PH126303000;GENERAL SANTOS CITY (DADIANGAS);0
PH126306000;CITY OF KORONADAL (Capital);0
PH126311000;NORALA;0
PH126312000;POLOMOLOK;0
PH126313000;SURALLAH;0
PH126314000;TAMPAKAN;0
PH126315000;TANTANGAN;0
PH126316000;T'BOLI;0
PH126317000;TUPI;0
PH126318000;SANTO NIÑO;0
PH126319000;LAKE SEBU;0
PH126501000;BAGUMBAYAN;0
PH126502000;COLUMBIO;0
PH126503000;ESPERANZA;0
PH126504000;ISULAN (Capital);0
PH126505000;KALAMANSIG;0
PH126506000;LEBAK;0
PH126507000;LUTAYAN;0
PH126508000;LAMBAYONG (MARIANO MARCOS);0
PH126509000;PALIMBANG;0
PH126510000;PRESIDENT QUIRINO;0
PH126511000;CITY OF TACURONG;0
PH126512000;SEN. NINOY AQUINO;0
PH128001000;ALABEL (Capital);0
PH128002000;GLAN;0
PH128003000;KIAMBA;0
PH128004000;MAASIM;0
PH128005000;MAITUM;0
PH128006000;MALAPATAN;0
PH128007000;MALUNGON;0
PH129804000;COTABATO CITY;0
PH133901000;TONDO I / II;45
PH133902000;BINONDO;45
PH133903000;QUIAPO;45
PH133904000;SAN NICOLAS;45
PH133905000;SANTA CRUZ;45
PH133906000;SAMPALOC;45
PH133907000;SAN MIGUEL;45
PH133908000;ERMITA;45
PH133909000;INTRAMUROS;45
PH133910000;MALATE;45
PH133911000;PACO;45
PH133912000;PANDACAN;45
PH133913000;PORT AREA;45
PH133914000;SANTA ANA;45
PH137401000;CITY OF MANDALUYONG;45
PH137402000;CITY OF MARIKINA;45
PH137403000;CITY OF PASIG;45
PH137404000;QUEZON CITY;43.39903176
PH137405000;CITY OF SAN JUAN;45
PH137501000;CALOOCAN CITY;41.95129712
PH137502000;CITY OF MALABON;44.97005294
PH137503000;CITY OF NAVOTAS;44.58780452
PH137504000;CITY OF VALENZUELA;41.70604039
PH137601000;CITY OF LAS PIÑAS;45.09044653
PH137602000;CITY OF MAKATI;45
PH137603000;CITY OF MUNTINLUPA;46.05955958
PH137604000;CITY OF PARAÑAQUE;45
PH137605000;PASAY CITY;45
PH137606000;PATEROS;45
PH137607000;TAGUIG CITY;45
PH140101000;BANGUED (Capital);0
PH140102000;BOLINEY;0
PH140103000;BUCAY;0
PH140104000;BUCLOC;0
PH140105000;DAGUIOMAN;0
PH140106000;DANGLAS;0
PH140107000;DOLORES;0
PH140108000;LA PAZ;0
PH140109000;LACUB;0
PH140110000;LAGANGILANG;0
PH140111000;LAGAYAN;0
PH140112000;LANGIDEN;0
PH140113000;LICUAN-BAAY (LICUAN);0
PH140114000;LUBA;0
PH140115000;MALIBCONG;0
PH140116000;MANABO;0
PH140117000;PEÑARRUBIA;0
PH140118000;PIDIGAN;0
PH140119000;PILAR;0
PH140120000;SALLAPADAN;0
PH140121000;SAN ISIDRO;0
PH140122000;SAN JUAN;0
PH140123000;SAN QUINTIN;0
PH140124000;TAYUM;0
PH140125000;TINEG;0
PH140126000;TUBO;0
PH140127000;VILLAVICIOSA;0
PH141101000;ATOK;0
PH141102000;BAGUIO CITY;0
PH141103000;BAKUN;0
PH141104000;BOKOD;0
PH141105000;BUGUIAS;0
PH141106000;ITOGON;0
PH141107000;KABAYAN;0
PH141108000;KAPANGAN;0
PH141109000;KIBUNGAN;0
PH141110000;LA TRINIDAD (Capital);0
PH141111000;MANKAYAN;0
PH141112000;SABLAN;0
PH141113000;TUBA;0
PH141114000;TUBLAY;0
PH142701000;BANAUE;0
PH142702000;HUNGDUAN;0
PH142703000;KIANGAN;0
PH142704000;LAGAWE (Capital);0
PH142705000;LAMUT;0
PH142706000;MAYOYAO;0
PH142707000;ALFONSO LISTA (POTIA);0
PH142708000;AGUINALDO;0
PH142709000;HINGYON;0
PH142710000;TINOC;0
PH142711000;ASIPULO;0
PH143201000;BALBALAN;0
PH143206000;LUBUAGAN;0
PH143208000;PASIL;0
PH143209000;PINUKPUK;0
PH143211000;RIZAL (LIWAN);0
PH143213000;CITY OF TABUK (Capital);0
PH143214000;TANUDAN;0
PH143215000;TINGLAYAN;0
PH144401000;BARLIG;0
PH144402000;BAUKO;0
PH144403000;BESAO;0
PH144404000;BONTOC (Capital);0
PH144405000;NATONIN;0
PH144406000;PARACELIS;0
PH144407000;SABANGAN;0
PH144408000;SADANGA;0
PH144409000;SAGADA;0
PH144410000;TADIAN;0
PH148101000;CALANASAN (BAYAG);0
PH148102000;CONNER;0
PH148103000;FLORA;0
PH148104000;KABUGAO (Capital);0
PH148105000;LUNA;0
PH148106000;PUDTOL;0
PH148107000;SANTA MARCELA;0
PH150702000;CITY OF LAMITAN;0
PH150703000;LANTAWAN;0
PH150704000;MALUSO;0
PH150705000;SUMISIP;0
PH150706000;TIPO-TIPO;0
PH150707000;TUBURAN;0
PH150708000;AKBAR;0
PH150709000;AL-BARKA;0
PH150710000;HADJI MOHAMMAD AJUL;0
PH150711000;UNGKAYA PUKAN;0
PH150712000;HADJI MUHTAMAD;0
PH150713000;TABUAN-LASA;0
PH153601000;BACOLOD-KALAWI (BACOLOD GRANDE);0
PH153602000;BALABAGAN;0
PH153603000;BALINDONG (WATU);0
PH153604000;BAYANG;0
PH153605000;BINIDAYAN;0
PH153606000;BUBONG;0
PH153607000;BUTIG;0
PH153609000;GANASSI;0
PH153610000;KAPAI;0
PH153611000;LUMBA-BAYABAO (MAGUING);0
PH153612000;LUMBATAN;0
PH153613000;MADALUM;0
PH153614000;MADAMBA;0
PH153615000;MALABANG;0
PH153616000;MARANTAO;0
PH153617000;MARAWI CITY (Capital);0
PH153618000;MASIU;0
PH153619000;MULONDO;0
PH153620000;PAGAYAWAN (TATARIKAN);0
PH153621000;PIAGAPO;0
PH153622000;POONA BAYABAO (GATA);0
PH153623000;PUALAS;0
PH153624000;DITSAAN-RAMAIN;0
PH153625000;SAGUIARAN;0
PH153626000;TAMPARAN;0
PH153627000;TARAKA;0
PH153628000;TUBARAN;0
PH153629000;TUGAYA;0
PH153630000;WAO;0
PH153631000;MAROGONG;0
PH153632000;CALANOGAS;0
PH153633000;BUADIPOSO-BUNTONG;0
PH153634000;MAGUING;0
PH153635000;PICONG (SULTAN GUMANDER);0
PH153636000;LUMBAYANAGUE;0
PH153637000;BUMBARAN;0
PH153638000;TAGOLOAN II;0
PH153639000;KAPATAGAN;0
PH153640000;SULTAN DUMALONDONG;0
PH153641000;LUMBACA-UNAYAN;0
PH153801000;AMPATUAN;0
PH153802000;BULDON;0
PH153803000;BULUAN;0
PH153805000;DATU PAGLAS;0
PH153806000;DATU PIANG;0
PH153807000;DATU ODIN SINSUAT (DINAIG);0
PH153808000;SHARIFF AGUAK (MAGANOY) (Capital);0
PH153809000;MATANOG;0
PH153810000;PAGALUNGAN;0
PH153811000;PARANG;0
PH153812000;SULTAN KUDARAT (NULING);0
PH153813000;SULTAN SA BARONGIS (LAMBAYONG);0
PH153814000;KABUNTALAN (TUMBAO);0
PH153815000;UPI;0
PH153816000;TALAYAN;0
PH153817000;SOUTH UPI;0
PH153818000;BARIRA;0
PH153819000;GEN. S.K. PENDATUN;0
PH153820000;MAMASAPANO;0
PH153821000;TALITAY;0
PH153822000;PAGAGAWAN;0
PH153823000;PAGLAT;0
PH153824000;SULTAN MASTURA;0
PH153825000;GUINDULUNGAN;0
PH153826000;DATU SAUDI-AMPATUAN;0
PH153827000;DATU UNSAY;0
PH153828000;DATU ABDULLAH SANGKI;0
PH153829000;RAJAH BUAYAN;0
PH153830000;DATU BLAH T. SINSUAT;0
PH153831000;DATU ANGGAL MIDTIMBANG;0
PH153832000;MANGUDADATU;0
PH153833000;PANDAG;0
PH153834000;NORTHERN KABUNTALAN;0
PH153835000;DATU HOFFER AMPATUAN;0
PH153836000;DATU SALIBO;0
PH153837000;SHARIFF SAYDONA MUSTAPHA;0
PH156601000;INDANAN;0
PH156602000;JOLO (Capital);0
PH156603000;KALINGALAN CALUANG;0
PH156604000;LUUK;0
PH156605000;MAIMBUNG;0
PH156606000;HADJI PANGLIMA TAHIL (MARUNGGAS);0
PH156607000;OLD PANAMAO;0
PH156608000;PANGUTARAN;0
PH156609000;PARANG;0
PH156610000;PATA;0
PH156611000;PATIKUL;0
PH156612000;SIASI;0
PH156613000;TALIPAO;0
PH156614000;TAPUL;0
PH156615000;TONGKIL;0
PH156616000;PANGLIMA ESTINO (NEW PANAMAO);0
PH156617000;LUGUS;0
PH156618000;PANDAMI;0
PH156619000;OMAR;0
PH157001000;PANGLIMA SUGALA (BALIMBING);0
PH157002000;BONGAO (Capital);0
PH157003000;MAPUN (CAGAYAN DE TAWI-TAWI);0
PH157004000;SIMUNUL;0
PH157005000;SITANGKAI;0
PH157006000;SOUTH UBIAN;0
PH157007000;TANDUBAS;0
PH157008000;TURTLE ISLANDS;0
PH157009000;LANGUYAN;0
PH157010000;SAPA-SAPA;0
PH157011000;SIBUTU;0
PH160201000;BUENAVISTA;0
PH160202000;BUTUAN CITY (Capital);0
PH160203000;CITY OF CABADBARAN;0
PH160204000;CARMEN;0
PH160205000;JABONGA;0
PH160206000;KITCHARAO;0
PH160207000;LAS NIEVES;0
PH160208000;MAGALLANES;0
PH160209000;NASIPIT;0
PH160210000;SANTIAGO;0
PH160211000;TUBAY;0
PH160212000;REMEDIOS T. ROMUALDEZ;0
PH160301000;CITY OF BAYUGAN;0
PH160302000;BUNAWAN;0
PH160303000;ESPERANZA;0
PH160304000;LA PAZ;0
PH160305000;LORETO;0
PH160306000;PROSPERIDAD (Capital);0
PH160307000;ROSARIO;0
PH160308000;SAN FRANCISCO;0
PH160309000;SAN LUIS;0
PH160310000;SANTA JOSEFA;0
PH160311000;TALACOGON;0
PH160312000;TRENTO;0
PH160313000;VERUELA;0
PH160314000;SIBAGAT;0
PH166701000;ALEGRIA;0
PH166702000;BACUAG;0
PH166704000;BURGOS;0
PH166706000;CLAVER;0
PH166707000;DAPA;0
PH166708000;DEL CARMEN;0
PH166710000;GENERAL LUNA;0
PH166711000;GIGAQUIT;0
PH166714000;MAINIT;0
PH166715000;MALIMONO;0
PH166716000;PILAR;0
PH166717000;PLACER;0
PH166718000;SAN BENITO;0
PH166719000;SAN FRANCISCO (ANAO-AON);0
PH166720000;SAN ISIDRO;0
PH166721000;SANTA MONICA (SAPAO);0
PH166722000;SISON;0
PH166723000;SOCORRO;0
PH166724000;SURIGAO CITY (Capital);0
PH166725000;TAGANA-AN;0
PH166727000;TUBOD;0
PH166801000;BAROBO;0
PH166802000;BAYABAS;0
PH166803000;CITY OF BISLIG;0
PH166804000;CAGWAIT;0
PH166805000;CANTILAN;0
PH166806000;CARMEN;0
PH166807000;CARRASCAL;0
PH166808000;CORTES;0
PH166809000;HINATUAN;0
PH166810000;LANUZA;0
PH166811000;LIANGA;0
PH166812000;LINGIG;0
PH166813000;MADRID;0
PH166814000;MARIHATAG;0
PH166815000;SAN AGUSTIN;0
PH166816000;SAN MIGUEL;0
PH166817000;TAGBINA;0
PH166818000;TAGO;0
PH166819000;CITY OF TANDAG (Capital);0
PH168501000;BASILISA (RIZAL);0
PH168502000;CAGDIANAO;0
PH168503000;DINAGAT;0
PH168504000;LIBJO (ALBOR);0
PH168505000;LORETO;0
PH168506000;SAN JOSE (Capital);0
PH168507000;TUBAJON;0
PH174001000;BOAC (Capital);65.53690755
PH174002000;BUENAVISTA;60
PH174003000;GASAN;62.48013252
PH174004000;MOGPOG;70.87285219
PH174005000;SANTA CRUZ;70.80047408
PH174006000;TORRIJOS;63.99003868
PH175101000;ABRA DE ILOG;57.32631882
PH175102000;CALINTAAN;40
PH175103000;LOOC;63.80365321
PH175104000;LUBANG;63.36848466
PH175105000;MAGSAYSAY;40
PH175106000;MAMBURAO (Capital);51.84957651
PH175107000;PALUAN;56.32528634
PH175108000;RIZAL;40
PH175109000;SABLAYAN;46.03419147
PH175110000;SAN JOSE;40
PH175111000;SANTA CRUZ;49.86301234
PH175201000;BACO;56.45591221
PH175202000;BANSUD;45.33404564
PH175203000;BONGABONG;42.37525205
PH175204000;BULALACAO (SAN PEDRO);40
PH175205000;CITY OF CALAPAN (Capital);61.38621919
PH175206000;GLORIA;49.03016934
PH175207000;MANSALAY;40
PH175208000;NAUJAN;57.48125323
PH175209000;PINAMALAYAN;52.51544059
PH175210000;POLA;58.98461147
PH175211000;PUERTO GALERA;61.77837518
PH175212000;ROXAS;40
PH175213000;SAN TEODORO;58.10663302
PH175214000;SOCORRO;53.0875089
PH175215000;VICTORIA;55.59070233
PH175301000;ABORLAN;0
PH175302000;AGUTAYA;0
PH175303000;ARACELI;0
PH175304000;BALABAC;0
PH175305000;BATARAZA;0
PH175306000;BROOKE'S POINT;0
PH175307000;BUSUANGA;0
PH175308000;CAGAYANCILLO;0
PH175309000;CORON;0
PH175310000;CUYO;0
PH175311000;DUMARAN;0
PH175312000;EL NIDO (BACUIT);0
PH175313000;LINAPACAN;0
PH175314000;MAGSAYSAY;0
PH175315000;NARRA;0
PH175316000;PUERTO PRINCESA CITY (Capital);0
PH175317000;QUEZON;0
PH175318000;ROXAS;0
PH175319000;SAN VICENTE;0
PH175320000;TAYTAY;0
PH175321000;KALAYAAN;0
PH175322000;CULION;0
PH175323000;RIZAL (MARCOS);0
PH175324000;SOFRONIO ESPAÑOLA;0
PH175901000;ALCANTARA;40
PH175902000;BANTON;55
PH175903000;CAJIDIOCAN;43.12700717
PH175904000;CALATRAVA;45
PH175905000;CONCEPCION;53.95346537
PH175906000;CORCUERA;50
PH175907000;LOOC;40
PH175908000;MAGDIWANG;45
PH175909000;ODIONGAN;40
PH175910000;ROMBLON (Capital);45
PH175911000;SAN AGUSTIN;43.93861258
PH175912000;SAN ANDRES;44.17804134
PH175913000;SAN FERNANDO;41.36505451
PH175914000;SAN JOSE;0
PH175915000;SANTA FE;40
PH175916000;FERROL;40
PH175917000;SANTA MARIA (IMELDA);40
PH184501000;BACOLOD CITY (Capital);0
PH184502000;BAGO CITY;0
PH184503000;BINALBAGAN;0
PH184504000;CADIZ CITY;0
PH184505000;CALATRAVA;0
PH184506000;CANDONI;0
PH184507000;CAUAYAN;0
PH184508000;ENRIQUE B. MAGALONA (SARAVIA);0
PH184509000;CITY OF ESCALANTE;0
PH184510000;CITY OF HIMAMAYLAN;0
PH184511000;HINIGARAN;0
PH184512000;HINOBA-AN (ASIA);0
PH184513000;ILOG;0
PH184514000;ISABELA;0
PH184515000;CITY OF KABANKALAN;0
PH184516000;LA CARLOTA CITY;0
PH184517000;LA CASTELLANA;0
PH184518000;MANAPLA;0
PH184519000;MOISES PADILLA (MAGALLON);0
PH184520000;MURCIA;0
PH184521000;PONTEVEDRA;0
PH184522000;PULUPANDAN;0
PH184523000;SAGAY CITY;0
PH184524000;SAN CARLOS CITY;0
PH184525000;SAN ENRIQUE;0
PH184526000;SILAY CITY;0
PH184527000;CITY OF SIPALAY;0
PH184528000;CITY OF TALISAY;0
PH184529000;TOBOSO;0
PH184530000;VALLADOLID;0
PH184531000;CITY OF VICTORIAS;0
PH184532000;SALVADOR BENEDICTO;0
PH184601000;AMLAN (AYUQUITAN);0
PH184602000;AYUNGON;0
PH184603000;BACONG;0
PH184604000;BAIS CITY;0
PH184605000;BASAY;0
PH184606000;CITY OF BAYAWAN (TULONG);0
PH184607000;BINDOY (PAYABON);0
PH184608000;CANLAON CITY;0
PH184609000;DAUIN;0
PH184610000;DUMAGUETE CITY (Capital);0
PH184611000;CITY OF GUIHULNGAN;0
PH184612000;JIMALALUD;0
PH184613000;LA LIBERTAD;0
PH184614000;MABINAY;0
PH184615000;MANJUYOD;0
PH184616000;PAMPLONA;0
PH184617000;SAN JOSE;0
PH184618000;SANTA CATALINA;0
PH184619000;SIATON;0
PH184620000;SIBULAN;0
PH184621000;CITY OF TANJAY;0
PH184622000;TAYASAN;0
PH184623000;VALENCIA (LUZURRIAGA);0
PH184624000;VALLEHERMOSO;0
PH184625000;ZAMBOANGUITA;0
